time,latitude,longitude
1570865918448,30.63817,104.088093
1570865918454,30.63817,104.088093
1570865918458,30.63817,104.088093
1570865918462,30.63817,104.088093
1570865918735,30.638152,104.088084
1570865918742,30.638152,104.088084
1570865918748,30.638152,104.088084
1570865918752,30.638152,104.088084
1570865919710,30.638132,104.08808
1570865919715,30.638132,104.08808
1570865919720,30.638132,104.08808
1570865919725,30.638132,104.08808
1570865920723,30.638111,104.088085
1570865920728,30.638111,104.088085
1570865920735,30.638111,104.088085
1570865920768,30.638111,104.088085
1570865921740,30.638091,104.088097
1570865921746,30.638091,104.088097
1570865921752,30.638091,104.088097
1570865921761,30.638091,104.088097
1570865922735,30.638073,104.088112
1570865922743,30.638073,104.088112
1570865922750,30.638073,104.088112
1570865922757,30.638073,104.088112
1570865923728,30.638056,104.088132
1570865923735,30.638056,104.088132
1570865923740,30.638056,104.088132
1570865923747,30.638056,104.088132
1570865924703,30.638039,104.088155
1570865924724,30.638039,104.088155
1570865924730,30.638039,104.088155
1570865924737,30.638039,104.088155
1570865925682,30.638019,104.088179
1570865925685,30.638019,104.088179
1570865925688,30.638019,104.088179
1570865925690,30.638019,104.088179
1570865926715,30.637998,104.088203
1570865926721,30.637998,104.088203
1570865926729,30.637998,104.088203
1570865926739,30.637998,104.088203
1570865927707,30.63798,104.088224
1570865927716,30.63798,104.088224
1570865927726,30.63798,104.088224
1570865927730,30.63798,104.088224
1570865928703,30.637961,104.088247
1570865928708,30.637961,104.088247
1570865928723,30.637961,104.088247
1570865928729,30.637961,104.088247
1570865929707,30.637937,104.088269
1570865929714,30.637937,104.088269
1570865929721,30.637937,104.088269
1570865929727,30.637937,104.088269
1570865930707,30.637911,104.088289
1570865930715,30.637911,104.088289
1570865930722,30.637911,104.088289
1570865930729,30.637911,104.088289
1570865931717,30.637888,104.088309
1570865931727,30.637888,104.088309
1570865931735,30.637888,104.088309
1570865931744,30.637888,104.088309
1570865932712,30.637883,104.088336
1570865932722,30.637883,104.088336
1570865932726,30.637883,104.088336
1570865932743,30.637883,104.088336
1570865933710,30.637879,104.088371
1570865933716,30.637879,104.088371
1570865933721,30.637879,104.088371
1570865933727,30.637879,104.088371
1570865934720,30.637868,104.088413
1570865934727,30.637868,104.088413
1570865934733,30.637868,104.088413
1570865934739,30.637868,104.088413
1570865935704,30.637858,104.088452
1570865935712,30.637858,104.088452
1570865935717,30.637858,104.088452
1570865935724,30.637858,104.088452
1570865936724,30.637853,104.08849
1570865936729,30.637853,104.08849
1570865936734,30.637853,104.08849
1570865936742,30.637853,104.08849
1570865937733,30.637858,104.088529
1570865937740,30.637858,104.088529
1570865937747,30.637858,104.088529
1570865937755,30.637858,104.088529
1570865938725,30.637872,104.088567
1570865938730,30.637872,104.088567
1570865938735,30.637872,104.088567
1570865938739,30.637872,104.088567
1570865939721,30.637891,104.088599
1570865939728,30.637891,104.088599
1570865939734,30.637891,104.088599
1570865939738,30.637891,104.088599
1570865940709,30.637907,104.088623
1570865940716,30.637907,104.088623
1570865940721,30.637907,104.088623
1570865940725,30.637907,104.088623
1570865941737,30.637921,104.088646
1570865941743,30.637921,104.088646
1570865941748,30.637921,104.088646
1570865941754,30.637921,104.088646
1570865942709,30.637928,104.088676
1570865942716,30.637928,104.088676
1570865942722,30.637928,104.088676
1570865942731,30.637928,104.088676
1570865943705,30.637923,104.08871
1570865943712,30.637923,104.08871
1570865943719,30.637923,104.08871
1570865943725,30.637923,104.08871
1570865944710,30.637908,104.088736
1570865944717,30.637908,104.088736
1570865944723,30.637908,104.088736
1570865944730,30.637908,104.088736
1570865945713,30.637881,104.088751
1570865945724,30.637881,104.088751
1570865945728,30.637881,104.088751
1570865945733,30.637881,104.088751
1570865946733,30.63785,104.088754
1570865946738,30.63785,104.088754
1570865946744,30.63785,104.088754
1570865946747,30.63785,104.088754
1570865947715,30.637821,104.088744
1570865947724,30.637821,104.088744
1570865947731,30.637821,104.088744
1570865947735,30.637821,104.088744
1570865948707,30.637792,104.088729
1570865948716,30.637792,104.088729
1570865948724,30.637792,104.088729
1570865948731,30.637792,104.088729
1570865949711,30.637766,104.088711
1570865949718,30.637766,104.088711
1570865949725,30.637766,104.088711
1570865949730,30.637766,104.088711
1570865950708,30.637745,104.088698
1570865950715,30.637745,104.088698
1570865950724,30.637745,104.088698
1570865950730,30.637745,104.088698
1570865951692,30.637725,104.088694
1570865951699,30.637725,104.088694
1570865951705,30.637725,104.088694
1570865951711,30.637725,104.088694
1570865952684,30.6377,104.088696
1570865952688,30.6377,104.088696
1570865952691,30.6377,104.088696
1570865952694,30.6377,104.088696
1570865953697,30.637675,104.088706
1570865953704,30.637675,104.088706
1570865953715,30.637675,104.088706
1570865953721,30.637675,104.088706
1570865954721,30.63765,104.088719
1570865954730,30.63765,104.088719
1570865954737,30.63765,104.088719
1570865954744,30.63765,104.088719
1570865955703,30.637626,104.088739
1570865955708,30.637626,104.088739
1570865955718,30.637626,104.088739
1570865955726,30.637626,104.088739
1570865956728,30.637605,104.088766
1570865956735,30.637605,104.088766
1570865956741,30.637605,104.088766
1570865956750,30.637605,104.088766
1570865957712,30.637591,104.088794
1570865957751,30.637591,104.088794
1570865957781,30.637591,104.088794
1570865957785,30.637591,104.088794
1570865958279,30.637591,104.088794
1570865958296,30.637591,104.088794
1570865958310,30.637591,104.088794
1570865958318,30.637591,104.088794
1570865958751,30.637582,104.088826
1570865958757,30.637582,104.088826
1570865958762,30.637582,104.088826
1570865958771,30.637582,104.088826
1570865959713,30.637571,104.088862
1570865959722,30.637571,104.088862
1570865959728,30.637571,104.088862
1570865959734,30.637571,104.088862
1570865960718,30.637563,104.088895
1570865960741,30.637563,104.088895
1570865960749,30.637563,104.088895
1570865960758,30.637563,104.088895
1570865961708,30.637551,104.088926
1570865961715,30.637551,104.088926
1570865961724,30.637551,104.088926
1570865961730,30.637551,104.088926
1570865962692,30.637533,104.088956
1570865962698,30.637533,104.088956
1570865962716,30.637533,104.088956
1570865962730,30.637533,104.088956
1570865963706,30.637511,104.088984
1570865963714,30.637511,104.088984
1570865963720,30.637511,104.088984
1570865963727,30.637511,104.088984
1570865964707,30.637489,104.089013
1570865964715,30.637489,104.089013
1570865964721,30.637489,104.089013
1570865964727,30.637489,104.089013
1570865965709,30.63747,104.089042
1570865965718,30.63747,104.089042
1570865965726,30.63747,104.089042
1570865965732,30.63747,104.089042
1570865966712,30.637457,104.089076
1570865966723,30.637457,104.089076
1570865966730,30.637457,104.089076
1570865966745,30.637457,104.089076
1570865967735,30.637448,104.089111
1570865967742,30.637448,104.089111
1570865967748,30.637448,104.089111
1570865967754,30.637448,104.089111
1570865968726,30.637444,104.08915
1570865968737,30.637444,104.08915
1570865968745,30.637444,104.08915
1570865968757,30.637444,104.08915
1570865969708,30.637432,104.089188
1570865969716,30.637432,104.089188
1570865969721,30.637432,104.089188
1570865969726,30.637432,104.089188
1570865970708,30.63742,104.089223
1570865970712,30.63742,104.089223
1570865970717,30.63742,104.089223
1570865970724,30.63742,104.089223
1570865971715,30.637407,104.089253
1570865971720,30.637407,104.089253
1570865971726,30.637407,104.089253
1570865971731,30.637407,104.089253
1570865972732,30.637393,104.089279
1570865972741,30.637393,104.089279
1570865972746,30.637393,104.089279
1570865972752,30.637393,104.089279
1570865973701,30.637377,104.089307
1570865973709,30.637377,104.089307
1570865973716,30.637377,104.089307
1570865973722,30.637377,104.089307
1570865974714,30.637359,104.089339
1570865974730,30.637359,104.089339
1570865974743,30.637359,104.089339
1570865974752,30.637359,104.089339
1570865975712,30.637343,104.089373
1570865975722,30.637343,104.089373
1570865975727,30.637343,104.089373
1570865975735,30.637343,104.089373
1570865976692,30.637327,104.089409
1570865976699,30.637327,104.089409
1570865976705,30.637327,104.089409
1570865976712,30.637327,104.089409
1570865977714,30.637312,104.089444
1570865977720,30.637312,104.089444
1570865977727,30.637312,104.089444
1570865977735,30.637312,104.089444
1570865978715,30.637295,104.08948
1570865978721,30.637295,104.08948
1570865978727,30.637295,104.08948
1570865978736,30.637295,104.08948
1570865979712,30.637282,104.089517
1570865979723,30.637282,104.089517
1570865979729,30.637282,104.089517
1570865979736,30.637282,104.089517
1570865980708,30.637265,104.089557
1570865980717,30.637265,104.089557
1570865980742,30.637265,104.089557
1570865980750,30.637265,104.089557
1570865981712,30.637252,104.089598
1570865981718,30.637252,104.089598
1570865981724,30.637252,104.089598
1570865981736,30.637252,104.089598
1570865982696,30.637239,104.089637
1570865982707,30.637239,104.089637
1570865982716,30.637239,104.089637
1570865982725,30.637239,104.089637
1570865983713,30.637231,104.089675
1570865983720,30.637231,104.089675
1570865983726,30.637231,104.089675
1570865983733,30.637231,104.089675
1570865984719,30.637221,104.089711
1570865984727,30.637221,104.089711
1570865984739,30.637221,104.089711
1570865984745,30.637221,104.089711
1570865985678,30.637208,104.089746
1570865985682,30.637208,104.089746
1570865985685,30.637208,104.089746
1570865985689,30.637208,104.089746
1570865986699,30.637194,104.08978
1570865986706,30.637194,104.08978
1570865986713,30.637194,104.08978
1570865986720,30.637194,104.08978
1570865987292,30.637194,104.08978
1570865987298,30.637194,104.08978
1570865987304,30.637194,104.08978
1570865987310,30.637194,104.08978
1570865987712,30.637178,104.08981
1570865987718,30.637178,104.08981
1570865987724,30.637178,104.08981
1570865987749,30.637178,104.08981
1570865988721,30.637162,104.089836
1570865988729,30.637162,104.089836
1570865988735,30.637162,104.089836
1570865988741,30.637162,104.089836
1570865989702,30.637148,104.089862
1570865989711,30.637148,104.089862
1570865989721,30.637148,104.089862
1570865989731,30.637148,104.089862
1570865990702,30.637138,104.089889
1570865990708,30.637138,104.089889
1570865990715,30.637138,104.089889
1570865990723,30.637138,104.089889
1570865991712,30.637133,104.08992
1570865991721,30.637133,104.08992
1570865991728,30.637133,104.08992
1570865991735,30.637133,104.08992
1570865992716,30.63713,104.089948
1570865992724,30.63713,104.089948
1570865992734,30.63713,104.089948
1570865992740,30.63713,104.089948
1570865993708,30.637129,104.089975
1570865993715,30.637129,104.089975
1570865993722,30.637129,104.089975
1570865993729,30.637129,104.089975
1570865994716,30.637125,104.090009
1570865994722,30.637125,104.090009
1570865994728,30.637125,104.090009
1570865994736,30.637125,104.090009
1570865995700,30.637119,104.090043
1570865995708,30.637119,104.090043
1570865995714,30.637119,104.090043
1570865995721,30.637119,104.090043
1570865996711,30.637107,104.090079
1570865996727,30.637107,104.090079
1570865996735,30.637107,104.090079
1570865996740,30.637107,104.090079
1570865997707,30.637092,104.090116
1570865997712,30.637092,104.090116
1570865997719,30.637092,104.090116
1570865997725,30.637092,104.090116
1570865998716,30.637078,104.090151
1570865998724,30.637078,104.090151
1570865998731,30.637078,104.090151
1570865998737,30.637078,104.090151
1570865999711,30.637061,104.090184
1570865999719,30.637061,104.090184
1570865999726,30.637061,104.090184
1570865999736,30.637061,104.090184
1570866000721,30.637043,104.090215
1570866000730,30.637043,104.090215
1570866000736,30.637043,104.090215
1570866000741,30.637043,104.090215
1570866001722,30.637025,104.090243
1570866001729,30.637025,104.090243
1570866001736,30.637025,104.090243
1570866001741,30.637025,104.090243
1570866002713,30.637005,104.090266
1570866002719,30.637005,104.090266
1570866002726,30.637005,104.090266
1570866002731,30.637005,104.090266
1570866003698,30.63698,104.090283
1570866003706,30.63698,104.090283
1570866003716,30.63698,104.090283
1570866003722,30.63698,104.090283
1570866004706,30.636953,104.090289
1570866004713,30.636953,104.090289
1570866004719,30.636953,104.090289
1570866004725,30.636953,104.090289
1570866005716,30.636922,104.090288
1570866005723,30.636922,104.090288
1570866005733,30.636922,104.090288
1570866005740,30.636922,104.090288
1570866006707,30.636887,104.090279
1570866006717,30.636887,104.090279
1570866006725,30.636887,104.090279
1570866006732,30.636887,104.090279
1570866007718,30.636855,104.090266
1570866007724,30.636855,104.090266
1570866007730,30.636855,104.090266
1570866007737,30.636855,104.090266
1570866008708,30.636827,104.090251
1570866008715,30.636827,104.090251
1570866008722,30.636827,104.090251
1570866008728,30.636827,104.090251
1570866009721,30.636799,104.090236
1570866009728,30.636799,104.090236
1570866009733,30.636799,104.090236
1570866009741,30.636799,104.090236
1570866010710,30.636766,104.090219
1570866010716,30.636766,104.090219
1570866010737,30.636766,104.090219
1570866010749,30.636766,104.090219
1570866011709,30.636735,104.090202
1570866011716,30.636735,104.090202
1570866011721,30.636735,104.090202
1570866011727,30.636735,104.090202
1570866012735,30.636705,104.090187
1570866012744,30.636705,104.090187
1570866012754,30.636705,104.090187
1570866012760,30.636705,104.090187
1570866013700,30.636672,104.090171
1570866013706,30.636672,104.090171
1570866013712,30.636672,104.090171
1570866013718,30.636672,104.090171
1570866014720,30.636636,104.090154
1570866014727,30.636636,104.090154
1570866014733,30.636636,104.090154
1570866014743,30.636636,104.090154
1570866015717,30.636596,104.090136
1570866015725,30.636596,104.090136
1570866015732,30.636596,104.090136
1570866015740,30.636596,104.090136
1570866016717,30.636557,104.090118
1570866016723,30.636557,104.090118
1570866016729,30.636557,104.090118
1570866016737,30.636557,104.090118
1570866017712,30.63652,104.090103
1570866017720,30.63652,104.090103
1570866017727,30.63652,104.090103
1570866017733,30.63652,104.090103
1570866018711,30.63648,104.090089
1570866018721,30.63648,104.090089
1570866018728,30.63648,104.090089
1570866018736,30.63648,104.090089
1570866019708,30.636439,104.090076
1570866019715,30.636439,104.090076
1570866019721,30.636439,104.090076
1570866019727,30.636439,104.090076
1570866020724,30.636399,104.090062
1570866020729,30.636399,104.090062
1570866020736,30.636399,104.090062
1570866020741,30.636399,104.090062
1570866021697,30.63636,104.090046
1570866021709,30.63636,104.090046
1570866021732,30.63636,104.090046
1570866021741,30.63636,104.090046
1570866022726,30.636322,104.090027
1570866022732,30.636322,104.090027
1570866022742,30.636322,104.090027
1570866022753,30.636322,104.090027
1570866023702,30.636291,104.090014
1570866023707,30.636291,104.090014
1570866023716,30.636291,104.090014
1570866023722,30.636291,104.090014
1570866024114,30.636291,104.090014
1570866024121,30.636291,104.090014
1570866024130,30.636291,104.090014
1570866024136,30.636291,104.090014
1570866024740,30.636263,104.090002
1570866024747,30.636263,104.090002
1570866024754,30.636263,104.090002
1570866024760,30.636263,104.090002
1570866025706,30.636229,104.089988
1570866025715,30.636229,104.089988
1570866025721,30.636229,104.089988
1570866025729,30.636229,104.089988
1570866026725,30.636192,104.089971
1570866026730,30.636192,104.089971
1570866026735,30.636192,104.089971
1570866026745,30.636192,104.089971
1570866027718,30.636158,104.089954
1570866027724,30.636158,104.089954
1570866027730,30.636158,104.089954
1570866027740,30.636158,104.089954
1570866028708,30.63613,104.089936
1570866028716,30.63613,104.089936
1570866028725,30.63613,104.089936
1570866028732,30.63613,104.089936
1570866029720,30.636094,104.089916
1570866029732,30.636094,104.089916
1570866029738,30.636094,104.089916
1570866029746,30.636094,104.089916
1570866030713,30.63605,104.089893
1570866030721,30.63605,104.089893
1570866030730,30.63605,104.089893
1570866030741,30.63605,104.089893
1570866031718,30.636012,104.089866
1570866031730,30.636012,104.089866
1570866031738,30.636012,104.089866
1570866031746,30.636012,104.089866
1570866032718,30.635974,104.089841
1570866032725,30.635974,104.089841
1570866032731,30.635974,104.089841
1570866032740,30.635974,104.089841
1570866033698,30.635932,104.089816
1570866033711,30.635932,104.089816
1570866033717,30.635932,104.089816
1570866033724,30.635932,104.089816
1570866034717,30.635886,104.089794
1570866034725,30.635886,104.089794
1570866034733,30.635886,104.089794
1570866034740,30.635886,104.089794
1570866035698,30.635843,104.089772
1570866035707,30.635843,104.089772
1570866035712,30.635843,104.089772
1570866035719,30.635843,104.089772
1570866036699,30.635799,104.089752
1570866036712,30.635799,104.089752
1570866036718,30.635799,104.089752
1570866036725,30.635799,104.089752
1570866037711,30.635758,104.089734
1570866037717,30.635758,104.089734
1570866037723,30.635758,104.089734
1570866037733,30.635758,104.089734
1570866038706,30.63572,104.089719
1570866038714,30.63572,104.089719
1570866038724,30.63572,104.089719
1570866038730,30.63572,104.089719
1570866039707,30.635683,104.089703
1570866039715,30.635683,104.089703
1570866039721,30.635683,104.089703
1570866039729,30.635683,104.089703
1570866040728,30.635643,104.089684
1570866040734,30.635643,104.089684
1570866040739,30.635643,104.089684
1570866040746,30.635643,104.089684
1570866041712,30.635604,104.089663
1570866041720,30.635604,104.089663
1570866041727,30.635604,104.089663
1570866041736,30.635604,104.089663
1570866042729,30.635567,104.089642
1570866042735,30.635567,104.089642
1570866042742,30.635567,104.089642
1570866042762,30.635567,104.089642
1570866043701,30.635529,104.089621
1570866043708,30.635529,104.089621
1570866043717,30.635529,104.089621
1570866043723,30.635529,104.089621
1570866044701,30.635489,104.0896
1570866044711,30.635489,104.0896
1570866044717,30.635489,104.0896
1570866044722,30.635489,104.0896
1570866045707,30.635452,104.089583
1570866045716,30.635452,104.089583
1570866045724,30.635452,104.089583
1570866045731,30.635452,104.089583
1570866046080,30.635452,104.089583
1570866046089,30.635452,104.089583
1570866046101,30.635452,104.089583
1570866046111,30.635452,104.089583
1570866046715,30.635412,104.08957
1570866046724,30.635412,104.08957
1570866046735,30.635412,104.08957
1570866046739,30.635412,104.08957
1570866047707,30.635372,104.089557
1570866047716,30.635372,104.089557
1570866047727,30.635372,104.089557
1570866047734,30.635372,104.089557
1570866048724,30.635337,104.089548
1570866048737,30.635337,104.089548
1570866048745,30.635337,104.089548
1570866048751,30.635337,104.089548
1570866049720,30.6353,104.089537
1570866049731,30.6353,104.089537
1570866049739,30.6353,104.089537
1570866049748,30.6353,104.089537
1570866050721,30.635264,104.089522
1570866050728,30.635264,104.089522
1570866050734,30.635264,104.089522
1570866050740,30.635264,104.089522
1570866051707,30.635224,104.089503
1570866051714,30.635224,104.089503
1570866051721,30.635224,104.089503
1570866051727,30.635224,104.089503
1570866052714,30.635183,104.089483
1570866052722,30.635183,104.089483
1570866052728,30.635183,104.089483
1570866052735,30.635183,104.089483
1570866053724,30.635149,104.089466
1570866053732,30.635149,104.089466
1570866053738,30.635149,104.089466
1570866053745,30.635149,104.089466
1570866054708,30.635115,104.089452
1570866054717,30.635115,104.089452
1570866054724,30.635115,104.089452
1570866054729,30.635115,104.089452
1570866055706,30.63508,104.089437
1570866055717,30.63508,104.089437
1570866055724,30.63508,104.089437
1570866055731,30.63508,104.089437
1570866056712,30.635041,104.089424
1570866056725,30.635041,104.089424
1570866056731,30.635041,104.089424
1570866056737,30.635041,104.089424
1570866057707,30.635002,104.089413
1570866057715,30.635002,104.089413
1570866057720,30.635002,104.089413
1570866057725,30.635002,104.089413
1570866058716,30.634963,104.089402
1570866058727,30.634963,104.089402
1570866058734,30.634963,104.089402
1570866058740,30.634963,104.089402
1570866059709,30.634928,104.089389
1570866059717,30.634928,104.089389
1570866059724,30.634928,104.089389
1570866059729,30.634928,104.089389
1570866060699,30.634892,104.089375
1570866060708,30.634892,104.089375
1570866060715,30.634892,104.089375
1570866060724,30.634892,104.089375
1570866061690,30.634857,104.089361
1570866061696,30.634857,104.089361
1570866061702,30.634857,104.089361
1570866061708,30.634857,104.089361
1570866062712,30.634825,104.089345
1570866062728,30.634825,104.089345
1570866062735,30.634825,104.089345
1570866062742,30.634825,104.089345
1570866063718,30.634792,104.089325
1570866063724,30.634792,104.089325
1570866063731,30.634792,104.089325
1570866063737,30.634792,104.089325
1570866064704,30.634759,104.089303
1570866064716,30.634759,104.089303
1570866064722,30.634759,104.089303
1570866064728,30.634759,104.089303
1570866065711,30.634723,104.089282
1570866065718,30.634723,104.089282
1570866065725,30.634723,104.089282
1570866065732,30.634723,104.089282
1570866066715,30.634686,104.089263
1570866066723,30.634686,104.089263
1570866066729,30.634686,104.089263
1570866066735,30.634686,104.089263
1570866067700,30.634647,104.089246
1570866067708,30.634647,104.089246
1570866067714,30.634647,104.089246
1570866067722,30.634647,104.089246
1570866068711,30.634607,104.089231
1570866068723,30.634607,104.089231
1570866068728,30.634607,104.089231
1570866068734,30.634607,104.089231
1570866069703,30.634566,104.089219
1570866069710,30.634566,104.089219
1570866069717,30.634566,104.089219
1570866069721,30.634566,104.089219
1570866070085,30.634566,104.089219
1570866070096,30.634566,104.089219
1570866070116,30.634566,104.089219
1570866070124,30.634566,104.089219
1570866070718,30.634526,104.089205
1570866070729,30.634526,104.089205
1570866070734,30.634526,104.089205
1570866070740,30.634526,104.089205
1570866071696,30.634486,104.089186
1570866071702,30.634486,104.089186
1570866071709,30.634486,104.089186
1570866071714,30.634486,104.089186
1570866072708,30.634436,104.089167
1570866072717,30.634436,104.089167
1570866072722,30.634436,104.089167
1570866072726,30.634436,104.089167
1570866073708,30.634397,104.089145
1570866073717,30.634397,104.089145
1570866073723,30.634397,104.089145
1570866073731,30.634397,104.089145
1570866074713,30.634378,104.089141
1570866074723,30.634378,104.089141
1570866074746,30.634378,104.089141
1570866074752,30.634378,104.089141
1570866075695,30.634333,104.089117
1570866075701,30.634333,104.089117
1570866075707,30.634333,104.089117
1570866075716,30.634333,104.089117
1570866076712,30.634298,104.089105
1570866076726,30.634298,104.089105
1570866076731,30.634298,104.089105
1570866076739,30.634298,104.089105
1570866077709,30.63426,104.089085
1570866077716,30.63426,104.089085
1570866077723,30.63426,104.089085
1570866077730,30.63426,104.089085
1570866078710,30.634232,104.089063
1570866078719,30.634232,104.089063
1570866078726,30.634232,104.089063
1570866078731,30.634232,104.089063
1570866079742,30.634197,104.089044
1570866079749,30.634197,104.089044
1570866079757,30.634197,104.089044
1570866079765,30.634197,104.089044
1570866080719,30.634162,104.089032
1570866080732,30.634162,104.089032
1570866080737,30.634162,104.089032
1570866080742,30.634162,104.089032
1570866081708,30.634127,104.089015
1570866081716,30.634127,104.089015
1570866081724,30.634127,104.089015
1570866081731,30.634127,104.089015
1570866082718,30.634099,104.08899
1570866082730,30.634099,104.08899
1570866082736,30.634099,104.08899
1570866082743,30.634099,104.08899
1570866083722,30.634078,104.088973
1570866083730,30.634078,104.088973
1570866083733,30.634078,104.088973
1570866083737,30.634078,104.088973
1570866084717,30.634065,104.088947
1570866084722,30.634065,104.088947
1570866084728,30.634065,104.088947
1570866084737,30.634065,104.088947
1570866085711,30.634057,104.088928
1570866085725,30.634057,104.088928
1570866085731,30.634057,104.088928
1570866085737,30.634057,104.088928
1570866086714,30.634057,104.088909
1570866086722,30.634057,104.088909
1570866086729,30.634057,104.088909
1570866086762,30.634057,104.088909
1570866087710,30.634064,104.088888
1570866087719,30.634064,104.088888
1570866087726,30.634064,104.088888
1570866087733,30.634064,104.088888
1570866088719,30.634078,104.088862
1570866088725,30.634078,104.088862
1570866088733,30.634078,104.088862
1570866088738,30.634078,104.088862
1570866089676,30.634096,104.088833
1570866089680,30.634096,104.088833
1570866089683,30.634096,104.088833
1570866089685,30.634096,104.088833
1570866090698,30.634114,104.088807
1570866090704,30.634114,104.088807
1570866090710,30.634114,104.088807
1570866090717,30.634114,104.088807
1570866091701,30.634133,104.088782
1570866091709,30.634133,104.088782
1570866091715,30.634133,104.088782
1570866091722,30.634133,104.088782
1570866092703,30.634156,104.088761
1570866092708,30.634156,104.088761
1570866092716,30.634156,104.088761
1570866092723,30.634156,104.088761
1570866093710,30.63418,104.088742
1570866093719,30.63418,104.088742
1570866093724,30.63418,104.088742
1570866093731,30.63418,104.088742
1570866094714,30.634204,104.088725
1570866094722,30.634204,104.088725
1570866094728,30.634204,104.088725
1570866094736,30.634204,104.088725
1570866095709,30.63423,104.08871
1570866095716,30.63423,104.08871
1570866095723,30.63423,104.08871
1570866095729,30.63423,104.08871
1570866096718,30.634254,104.088695
1570866096727,30.634254,104.088695
1570866096751,30.634254,104.088695
1570866096757,30.634254,104.088695
1570866097710,30.63428,104.088679
1570866097722,30.63428,104.088679
1570866097730,30.63428,104.088679
1570866097737,30.63428,104.088679
1570866098701,30.634305,104.088661
1570866098708,30.634305,104.088661
1570866098714,30.634305,104.088661
1570866098721,30.634305,104.088661
1570866099710,30.634327,104.088646
1570866099718,30.634327,104.088646
1570866099727,30.634327,104.088646
1570866099734,30.634327,104.088646
1570866100712,30.634351,104.088633
1570866100719,30.634351,104.088633
1570866100727,30.634351,104.088633
1570866100733,30.634351,104.088633
1570866101715,30.634378,104.088619
1570866101725,30.634378,104.088619
1570866101731,30.634378,104.088619
1570866101737,30.634378,104.088619
1570866102718,30.634411,104.088606
1570866102726,30.634411,104.088606
1570866102743,30.634411,104.088606
1570866102753,30.634411,104.088606
1570866103711,30.634443,104.088591
1570866103717,30.634443,104.088591
1570866103724,30.634443,104.088591
1570866103729,30.634443,104.088591
1570866104722,30.634475,104.088574
1570866104729,30.634475,104.088574
1570866104738,30.634475,104.088574
1570866104745,30.634475,104.088574
1570866105714,30.634507,104.088555
1570866105721,30.634507,104.088555
1570866105729,30.634507,104.088555
1570866105735,30.634507,104.088555
1570866106707,30.634539,104.088534
1570866106716,30.634539,104.088534
1570866106722,30.634539,104.088534
1570866106728,30.634539,104.088534
1570866107708,30.63457,104.088514
1570866107715,30.63457,104.088514
1570866107720,30.63457,104.088514
1570866107727,30.63457,104.088514
1570866108714,30.634601,104.088492
1570866108720,30.634601,104.088492
1570866108726,30.634601,104.088492
1570866108735,30.634601,104.088492
1570866109706,30.634633,104.088469
1570866109715,30.634633,104.088469
1570866109722,30.634633,104.088469
1570866109735,30.634633,104.088469
1570866110714,30.634665,104.088445
1570866110722,30.634665,104.088445
1570866110729,30.634665,104.088445
1570866110735,30.634665,104.088445
1570866111706,30.634693,104.088423
1570866111715,30.634693,104.088423
1570866111721,30.634693,104.088423
1570866111730,30.634693,104.088423
1570866112712,30.634723,104.0884
1570866112717,30.634723,104.0884
1570866112726,30.634723,104.0884
1570866112733,30.634723,104.0884
1570866113724,30.634753,104.088378
1570866113729,30.634753,104.088378
1570866113736,30.634753,104.088378
1570866113739,30.634753,104.088378
1570866114735,30.634775,104.088359
1570866114743,30.634775,104.088359
1570866114751,30.634775,104.088359
1570866114755,30.634775,104.088359
1570866115716,30.634787,104.08834
1570866115725,30.634787,104.08834
1570866115730,30.634787,104.08834
1570866115737,30.634787,104.08834
1570866116717,30.634804,104.088321
1570866116723,30.634804,104.088321
1570866116729,30.634804,104.088321
1570866116734,30.634804,104.088321
1570866117714,30.634825,104.088303
1570866117721,30.634825,104.088303
1570866117731,30.634825,104.088303
1570866117746,30.634825,104.088303
1570866118713,30.634851,104.088287
1570866118717,30.634851,104.088287
1570866118723,30.634851,104.088287
1570866118728,30.634851,104.088287
1570866119712,30.634883,104.088274
1570866119723,30.634883,104.088274
1570866119728,30.634883,104.088274
1570866119732,30.634883,104.088274
1570866120714,30.634914,104.088263
1570866120722,30.634914,104.088263
1570866120729,30.634914,104.088263
1570866120739,30.634914,104.088263
1570866121693,30.634943,104.088253
1570866121700,30.634943,104.088253
1570866121709,30.634943,104.088253
1570866121715,30.634943,104.088253
1570866122017,30.634943,104.088253
1570866122026,30.634943,104.088253
1570866122031,30.634943,104.088253
1570866122035,30.634943,104.088253
1570866122729,30.634971,104.088243
1570866122742,30.634971,104.088243
1570866122751,30.634971,104.088243
1570866122755,30.634971,104.088243
1570866123710,30.634999,104.088233
1570866123717,30.634999,104.088233
1570866123725,30.634999,104.088233
1570866123733,30.634999,104.088233
1570866124703,30.635028,104.088223
1570866124713,30.635028,104.088223
1570866124720,30.635028,104.088223
1570866124725,30.635028,104.088223
1570866125702,30.635059,104.088212
1570866125718,30.635059,104.088212
1570866125726,30.635059,104.088212
1570866125755,30.635059,104.088212
1570866126730,30.63509,104.088203
1570866126740,30.63509,104.088203
1570866126753,30.63509,104.088203
1570866126779,30.63509,104.088203
1570866127703,30.635122,104.088191
1570866127710,30.635122,104.088191
1570866127716,30.635122,104.088191
1570866127721,30.635122,104.088191
1570866128718,30.635155,104.08818
1570866128724,30.635155,104.08818
1570866128731,30.635155,104.08818
1570866128737,30.635155,104.08818
1570866129713,30.635188,104.088168
1570866129720,30.635188,104.088168
1570866129726,30.635188,104.088168
1570866129736,30.635188,104.088168
1570866130709,30.635222,104.088152
1570866130717,30.635222,104.088152
1570866130728,30.635222,104.088152
1570866130735,30.635222,104.088152
1570866131699,30.635253,104.088135
1570866131706,30.635253,104.088135
1570866131712,30.635253,104.088135
1570866131718,30.635253,104.088135
1570866132706,30.635282,104.088117
1570866132716,30.635282,104.088117
1570866132723,30.635282,104.088117
1570866132729,30.635282,104.088117
1570866133727,30.635315,104.088096
1570866133736,30.635315,104.088096
1570866133746,30.635315,104.088096
1570866133752,30.635315,104.088096
1570866134719,30.635349,104.088075
1570866134727,30.635349,104.088075
1570866134743,30.635349,104.088075
1570866134753,30.635349,104.088075
1570866135713,30.63538,104.088054
1570866135721,30.63538,104.088054
1570866135726,30.63538,104.088054
1570866135732,30.63538,104.088054
1570866136715,30.635413,104.088036
1570866136724,30.635413,104.088036
1570866136731,30.635413,104.088036
1570866136745,30.635413,104.088036
1570866137710,30.635448,104.088017
1570866137717,30.635448,104.088017
1570866137723,30.635448,104.088017
1570866137731,30.635448,104.088017
1570866138715,30.635482,104.087999
1570866138727,30.635482,104.087999
1570866138737,30.635482,104.087999
1570866138745,30.635482,104.087999
1570866139706,30.635514,104.087975
1570866139715,30.635514,104.087975
1570866139720,30.635514,104.087975
1570866139729,30.635514,104.087975
1570866140709,30.635543,104.087949
1570866140717,30.635543,104.087949
1570866140725,30.635543,104.087949
1570866140734,30.635543,104.087949
1570866141701,30.635572,104.087922
1570866141707,30.635572,104.087922
1570866141714,30.635572,104.087922
1570866141721,30.635572,104.087922
1570866142708,30.6356,104.087898
1570866142716,30.6356,104.087898
1570866142721,30.6356,104.087898
1570866142726,30.6356,104.087898
1570866143713,30.63563,104.087876
1570866143719,30.63563,104.087876
1570866143725,30.63563,104.087876
1570866143731,30.63563,104.087876
1570866144723,30.635662,104.087855
1570866144728,30.635662,104.087855
1570866144735,30.635662,104.087855
1570866144741,30.635662,104.087855
1570866145710,30.635691,104.087835
1570866145720,30.635691,104.087835
1570866145736,30.635691,104.087835
1570866145740,30.635691,104.087835
1570866146752,30.635716,104.087814
1570866146766,30.635716,104.087814
1570866146771,30.635716,104.087814
1570866146777,30.635716,104.087814
1570866147710,30.635745,104.087794
1570866147716,30.635745,104.087794
1570866147723,30.635745,104.087794
1570866147732,30.635745,104.087794
1570866148724,30.635778,104.087774
1570866148734,30.635778,104.087774
1570866148740,30.635778,104.087774
1570866148748,30.635778,104.087774
1570866149131,30.635778,104.087774
1570866149141,30.635778,104.087774
1570866149153,30.635778,104.087774
1570866149160,30.635778,104.087774
1570866149729,30.635811,104.087752
1570866149738,30.635811,104.087752
1570866149746,30.635811,104.087752
1570866149750,30.635811,104.087752
1570866150711,30.635843,104.087731
1570866150719,30.635843,104.087731
1570866150728,30.635843,104.087731
1570866150735,30.635843,104.087731
1570866151729,30.635874,104.087708
1570866151737,30.635874,104.087708
1570866151741,30.635874,104.087708
1570866151747,30.635874,104.087708
1570866152726,30.635907,104.087684
1570866152732,30.635907,104.087684
1570866152740,30.635907,104.087684
1570866152751,30.635907,104.087684
1570866153715,30.635941,104.087661
1570866153725,30.635941,104.087661
1570866153731,30.635941,104.087661
1570866153740,30.635941,104.087661
1570866154725,30.635979,104.087633
1570866154733,30.635979,104.087633
1570866154741,30.635979,104.087633
1570866154751,30.635979,104.087633
1570866155691,30.636011,104.087608
1570866155697,30.636011,104.087608
1570866155703,30.636011,104.087608
1570866155708,30.636011,104.087608
1570866156713,30.636042,104.087583
1570866156719,30.636042,104.087583
1570866156726,30.636042,104.087583
1570866156735,30.636042,104.087583
1570866157708,30.636074,104.087561
1570866157714,30.636074,104.087561
1570866157721,30.636074,104.087561
1570866157728,30.636074,104.087561
1570866158740,30.636106,104.08754
1570866158745,30.636106,104.08754
1570866158752,30.636106,104.08754
1570866158757,30.636106,104.08754
1570866159732,30.63614,104.08752
1570866159743,30.63614,104.08752
1570866159748,30.63614,104.08752
1570866159752,30.63614,104.08752
1570866160700,30.636173,104.087502
1570866160707,30.636173,104.087502
1570866160716,30.636173,104.087502
1570866160721,30.636173,104.087502
1570866161714,30.636208,104.087486
1570866161724,30.636208,104.087486
1570866161733,30.636208,104.087486
1570866161740,30.636208,104.087486
1570866162732,30.636243,104.087468
1570866162744,30.636243,104.087468
1570866162752,30.636243,104.087468
1570866162759,30.636243,104.087468
1570866163714,30.63628,104.087447
1570866163723,30.63628,104.087447
1570866163729,30.63628,104.087447
1570866163735,30.63628,104.087447
1570866164719,30.636317,104.087424
1570866164724,30.636317,104.087424
1570866164730,30.636317,104.087424
1570866164736,30.636317,104.087424
1570866165719,30.636353,104.087402
1570866165727,30.636353,104.087402
1570866165733,30.636353,104.087402
1570866165739,30.636353,104.087402
1570866166735,30.636388,104.087378
1570866166745,30.636388,104.087378
1570866166753,30.636388,104.087378
1570866166762,30.636388,104.087378
1570866167715,30.636427,104.087352
1570866167728,30.636427,104.087352
1570866167736,30.636427,104.087352
1570866167743,30.636427,104.087352
1570866168734,30.636465,104.087327
1570866168741,30.636465,104.087327
1570866168745,30.636465,104.087327
1570866168750,30.636465,104.087327
1570866169709,30.636503,104.087305
1570866169722,30.636503,104.087305
1570866169727,30.636503,104.087305
1570866169739,30.636503,104.087305
1570866170706,30.63654,104.087285
1570866170712,30.63654,104.087285
1570866170718,30.63654,104.087285
1570866170726,30.63654,104.087285
1570866171707,30.63658,104.087265
1570866171718,30.63658,104.087265
1570866171726,30.63658,104.087265
1570866171731,30.63658,104.087265
1570866172067,30.63658,104.087265
1570866172075,30.63658,104.087265
1570866172085,30.63658,104.087265
1570866172094,30.63658,104.087265
1570866172731,30.636614,104.087248
1570866172752,30.636614,104.087248
1570866172757,30.636614,104.087248
1570866172768,30.636614,104.087248
1570866173721,30.636648,104.08723
1570866173728,30.636648,104.08723
1570866173734,30.636648,104.08723
1570866173743,30.636648,104.08723
1570866174725,30.63668,104.087214
1570866174736,30.63668,104.087214
1570866174742,30.63668,104.087214
1570866174747,30.63668,104.087214
1570866175710,30.636716,104.087198
1570866175719,30.636716,104.087198
1570866175726,30.636716,104.087198
1570866175732,30.636716,104.087198
1570866176716,30.636754,104.087179
1570866176724,30.636754,104.087179
1570866176733,30.636754,104.087179
1570866176739,30.636754,104.087179
1570866177717,30.636789,104.087158
1570866177724,30.636789,104.087158
1570866177729,30.636789,104.087158
1570866177735,30.636789,104.087158
1570866178699,30.636824,104.087134
1570866178705,30.636824,104.087134
1570866178715,30.636824,104.087134
1570866178721,30.636824,104.087134
1570866179709,30.636857,104.08711
1570866179717,30.636857,104.08711
1570866179724,30.636857,104.08711
1570866179730,30.636857,104.08711
1570866180726,30.636885,104.087086
1570866180738,30.636885,104.087086
1570866180745,30.636885,104.087086
1570866180752,30.636885,104.087086
1570866181679,30.636912,104.087064
1570866181682,30.636912,104.087064
1570866181686,30.636912,104.087064
1570866181690,30.636912,104.087064
1570866182711,30.636938,104.087042
1570866182719,30.636938,104.087042
1570866182727,30.636938,104.087042
1570866182735,30.636938,104.087042
1570866183702,30.636963,104.087022
1570866183716,30.636963,104.087022
1570866183723,30.636963,104.087022
1570866183742,30.636963,104.087022
1570866184726,30.636989,104.087002
1570866184732,30.636989,104.087002
1570866184740,30.636989,104.087002
1570866184746,30.636989,104.087002
1570866185731,30.637013,104.086986
1570866185738,30.637013,104.086986
1570866185746,30.637013,104.086986
1570866185761,30.637013,104.086986
1570866186704,30.637036,104.08697
1570866186712,30.637036,104.08697
1570866186724,30.637036,104.08697
1570866186731,30.637036,104.08697
1570866187713,30.637057,104.086955
1570866187724,30.637057,104.086955
1570866187731,30.637057,104.086955
1570866187738,30.637057,104.086955
1570866188736,30.637078,104.08694
1570866188744,30.637078,104.08694
1570866188751,30.637078,104.08694
1570866188762,30.637078,104.08694
1570866189723,30.637096,104.086926
1570866189737,30.637096,104.086926
1570866189745,30.637096,104.086926
1570866189752,30.637096,104.086926
1570866190731,30.637115,104.086911
1570866190747,30.637115,104.086911
1570866190755,30.637115,104.086911
1570866190766,30.637115,104.086911
1570866191709,30.637134,104.086895
1570866191717,30.637134,104.086895
1570866191724,30.637134,104.086895
1570866191731,30.637134,104.086895
1570866192702,30.637154,104.086881
1570866192713,30.637154,104.086881
1570866192719,30.637154,104.086881
1570866192734,30.637154,104.086881
1570866193731,30.637174,104.086869
1570866193738,30.637174,104.086869
1570866193744,30.637174,104.086869
1570866193750,30.637174,104.086869
1570866194702,30.637193,104.086858
1570866194716,30.637193,104.086858
1570866194721,30.637193,104.086858
1570866194727,30.637193,104.086858
1570866195710,30.637213,104.086847
1570866195719,30.637213,104.086847
1570866195726,30.637213,104.086847
1570866195731,30.637213,104.086847
1570866196735,30.637231,104.086838
1570866196746,30.637231,104.086838
1570866196755,30.637231,104.086838
1570866196763,30.637231,104.086838
1570866197709,30.637248,104.086829
1570866197718,30.637248,104.086829
1570866197727,30.637248,104.086829
1570866197735,30.637248,104.086829
1570866198720,30.637264,104.086819
1570866198734,30.637264,104.086819
1570866198740,30.637264,104.086819
1570866198747,30.637264,104.086819
1570866199680,30.637281,104.086805
1570866199684,30.637281,104.086805
1570866199687,30.637281,104.086805
1570866199691,30.637281,104.086805
1570866200677,30.637296,104.08679
1570866200680,30.637296,104.08679
1570866200683,30.637296,104.08679
1570866200685,30.637296,104.08679
1570866201704,30.63731,104.086779
1570866201714,30.63731,104.086779
1570866201720,30.63731,104.086779
1570866201732,30.63731,104.086779
1570866202712,30.637319,104.086769
1570866202720,30.637319,104.086769
1570866202727,30.637319,104.086769
1570866202734,30.637319,104.086769
1570866203719,30.637322,104.086755
1570866203738,30.637322,104.086755
1570866203749,30.637322,104.086755
1570866203756,30.637322,104.086755
1570866204728,30.637322,104.086742
1570866204734,30.637322,104.086742
1570866204741,30.637322,104.086742
1570866204747,30.637322,104.086742
1570866205678,30.637323,104.08673
1570866205681,30.637323,104.08673
1570866205684,30.637323,104.08673
1570866205687,30.637323,104.08673
1570866206705,30.637327,104.086716
1570866206711,30.637327,104.086716
1570866206716,30.637327,104.086716
1570866206727,30.637327,104.086716
1570866207707,30.637335,104.086701
1570866207718,30.637335,104.086701
1570866207724,30.637335,104.086701
1570866207733,30.637335,104.086701
1570866208679,30.637339,104.086679
1570866208683,30.637339,104.086679
1570866208686,30.637339,104.086679
1570866208688,30.637339,104.086679
1570866209021,30.637339,104.086679
1570866209024,30.637339,104.086679
1570866209027,30.637339,104.086679
1570866209030,30.637339,104.086679
1570866209682,30.637336,104.086653
1570866209685,30.637336,104.086653
1570866209688,30.637336,104.086653
1570866209690,30.637336,104.086653
1570866210677,30.637329,104.086627
1570866210680,30.637329,104.086627
1570866210682,30.637329,104.086627
1570866210688,30.637329,104.086627
1570866211703,30.637316,104.086599
1570866211712,30.637316,104.086599
1570866211718,30.637316,104.086599
1570866211725,30.637316,104.086599
1570866212711,30.637303,104.08657
1570866212718,30.637303,104.08657
1570866212732,30.637303,104.08657
1570866212740,30.637303,104.08657
1570866213732,30.637291,104.086538
1570866213743,30.637291,104.086538
1570866213749,30.637291,104.086538
1570866213757,30.637291,104.086538
1570866214734,30.637276,104.086508
1570866214751,30.637276,104.086508
1570866214759,30.637276,104.086508
1570866214777,30.637276,104.086508
1570866215716,30.637265,104.08648
1570866215725,30.637265,104.08648
1570866215737,30.637265,104.08648
1570866215747,30.637265,104.08648
1570866216738,30.637256,104.086451
1570866216744,30.637256,104.086451
1570866216755,30.637256,104.086451
1570866216762,30.637256,104.086451
1570866217702,30.637244,104.086416
1570866217713,30.637244,104.086416
1570866217718,30.637244,104.086416
1570866217731,30.637244,104.086416
1570866218681,30.637227,104.08638
1570866218684,30.637227,104.08638
1570866218686,30.637227,104.08638
1570866218689,30.637227,104.08638
1570866219699,30.637209,104.086346
1570866219710,30.637209,104.086346
1570866219718,30.637209,104.086346
1570866219729,30.637209,104.086346
1570866220699,30.637187,104.086315
1570866220706,30.637187,104.086315
1570866220716,30.637187,104.086315
1570866220722,30.637187,104.086315
1570866221709,30.637166,104.086283
1570866221716,30.637166,104.086283
1570866221721,30.637166,104.086283
1570866221729,30.637166,104.086283
1570866222711,30.637147,104.086246
1570866222719,30.637147,104.086246
1570866222728,30.637147,104.086246
1570866222735,30.637147,104.086246
1570866223723,30.637132,104.086211
1570866223731,30.637132,104.086211
1570866223738,30.637132,104.086211
1570866223747,30.637132,104.086211
1570866224714,30.637121,104.086176
1570866224721,30.637121,104.086176
1570866224728,30.637121,104.086176
1570866224735,30.637121,104.086176
1570866225709,30.637114,104.086142
1570866225717,30.637114,104.086142
1570866225722,30.637114,104.086142
1570866225730,30.637114,104.086142
1570866226709,30.637102,104.086111
1570866226716,30.637102,104.086111
1570866226723,30.637102,104.086111
1570866226730,30.637102,104.086111
1570866227708,30.637092,104.086077
1570866227717,30.637092,104.086077
1570866227723,30.637092,104.086077
1570866227729,30.637092,104.086077
1570866228718,30.637079,104.086041
1570866228725,30.637079,104.086041
1570866228733,30.637079,104.086041
1570866228743,30.637079,104.086041
1570866229704,30.637065,104.086004
1570866229710,30.637065,104.086004
1570866229715,30.637065,104.086004
1570866229720,30.637065,104.086004
1570866230719,30.637057,104.085969
1570866230729,30.637057,104.085969
1570866230735,30.637057,104.085969
1570866230740,30.637057,104.085969
1570866231700,30.637052,104.085939
1570866231710,30.637052,104.085939
1570866231720,30.637052,104.085939
1570866231728,30.637052,104.085939
1570866232705,30.637055,104.08591
1570866232715,30.637055,104.08591
1570866232723,30.637055,104.08591
1570866232733,30.637055,104.08591
1570866233681,30.637058,104.085887
1570866233683,30.637058,104.085887
1570866233686,30.637058,104.085887
1570866233689,30.637058,104.085887
1570866234679,30.637068,104.085868
1570866234682,30.637068,104.085868
1570866234684,30.637068,104.085868
1570866234687,30.637068,104.085868
1570866235706,30.637082,104.085853
1570866235716,30.637082,104.085853
1570866235725,30.637082,104.085853
1570866235733,30.637082,104.085853
1570866236694,30.637098,104.085841
1570866236700,30.637098,104.085841
1570866236709,30.637098,104.085841
1570866236715,30.637098,104.085841
1570866237706,30.637117,104.085827
1570866237715,30.637117,104.085827
1570866237725,30.637117,104.085827
1570866237731,30.637117,104.085827
1570866238707,30.637138,104.085816
1570866238718,30.637138,104.085816
1570866238724,30.637138,104.085816
1570866238731,30.637138,104.085816
1570866239720,30.637162,104.085807
1570866239728,30.637162,104.085807
1570866239735,30.637162,104.085807
1570866239740,30.637162,104.085807
1570866240731,30.637184,104.085804
1570866240740,30.637184,104.085804
1570866240750,30.637184,104.085804
1570866240757,30.637184,104.085804
1570866241699,30.637205,104.085804
1570866241707,30.637205,104.085804
1570866241713,30.637205,104.085804
1570866241721,30.637205,104.085804
1570866242720,30.63723,104.085803
1570866242726,30.63723,104.085803
1570866242733,30.63723,104.085803
1570866242739,30.63723,104.085803
1570866243717,30.637257,104.085797
1570866243729,30.637257,104.085797
1570866243738,30.637257,104.085797
1570866243745,30.637257,104.085797
1570866244717,30.637285,104.085788
1570866244724,30.637285,104.085788
1570866244731,30.637285,104.085788
1570866244739,30.637285,104.085788
1570866245712,30.637301,104.085777
1570866245718,30.637301,104.085777
1570866245723,30.637301,104.085777
1570866245730,30.637301,104.085777
1570866246734,30.637316,104.085768
1570866246744,30.637316,104.085768
1570866246751,30.637316,104.085768
1570866246759,30.637316,104.085768
1570866247708,30.637333,104.085759
1570866247718,30.637333,104.085759
1570866247724,30.637333,104.085759
1570866247730,30.637333,104.085759
1570866248707,30.637352,104.085751
1570866248714,30.637352,104.085751
1570866248720,30.637352,104.085751
1570866248727,30.637352,104.085751
1570866249694,30.637373,104.085744
1570866249705,30.637373,104.085744
1570866249712,30.637373,104.085744
1570866249719,30.637373,104.085744
1570866250714,30.637393,104.085736
1570866250722,30.637393,104.085736
1570866250728,30.637393,104.085736
1570866250734,30.637393,104.085736
1570866251712,30.637412,104.085725
1570866251719,30.637412,104.085725
1570866251724,30.637412,104.085725
1570866251730,30.637412,104.085725
1570866252711,30.637426,104.085711
1570866252719,30.637426,104.085711
1570866252728,30.637426,104.085711
1570866252735,30.637426,104.085711
1570866253679,30.637436,104.085695
1570866253683,30.637436,104.085695
1570866253686,30.637436,104.085695
1570866253691,30.637436,104.085695
1570866254715,30.637444,104.08568
1570866254722,30.637444,104.08568
1570866254730,30.637444,104.08568
1570866254734,30.637444,104.08568
1570866255679,30.637446,104.085663
1570866255681,30.637446,104.085663
1570866255684,30.637446,104.085663
1570866255686,30.637446,104.085663
1570866256707,30.637447,104.085651
1570866256712,30.637447,104.085651
1570866256718,30.637447,104.085651
1570866256728,30.637447,104.085651
1570866257715,30.637447,104.085646
1570866257721,30.637447,104.085646
1570866257724,30.637447,104.085646
1570866257728,30.637447,104.085646
1570866258716,30.637445,104.085645
1570866258724,30.637445,104.085645
1570866258736,30.637445,104.085645
1570866258743,30.637445,104.085645
1570866259703,30.637445,104.085642
1570866259712,30.637445,104.085642
1570866259719,30.637445,104.085642
1570866259727,30.637445,104.085642
1570866260704,30.637447,104.085639
1570866260711,30.637447,104.085639
1570866260722,30.637447,104.085639
1570866260729,30.637447,104.085639
1570866261706,30.637449,104.085638
1570866261714,30.637449,104.085638
1570866261720,30.637449,104.085638
1570866261725,30.637449,104.085638
1570866262724,30.637448,104.085638
1570866262732,30.637448,104.085638
1570866262740,30.637448,104.085638
1570866262747,30.637448,104.085638
1570866263727,30.63745,104.085638
1570866263734,30.63745,104.085638
1570866263739,30.63745,104.085638
1570866263744,30.63745,104.085638
1570866264730,30.637452,104.085637
1570866264739,30.637452,104.085637
1570866264746,30.637452,104.085637
1570866264755,30.637452,104.085637
1570866265587,30.637452,104.085637
1570866265594,30.637452,104.085637
1570866265600,30.637452,104.085637
1570866265603,30.637452,104.085637
1570866265711,30.637452,104.085634
1570866265717,30.637452,104.085634
1570866265724,30.637452,104.085634
1570866265732,30.637452,104.085634
1570866266706,30.637453,104.085631
1570866266716,30.637453,104.085631
1570866266724,30.637453,104.085631
1570866266735,30.637453,104.085631
1570866267676,30.637454,104.085628
1570866267679,30.637454,104.085628
1570866267682,30.637454,104.085628
1570866267687,30.637454,104.085628
1570866268677,30.637454,104.085625
1570866268680,30.637454,104.085625
1570866268682,30.637454,104.085625
1570866268684,30.637454,104.085625
1570866269687,30.637455,104.085624
1570866269694,30.637455,104.085624
1570866269698,30.637455,104.085624
1570866269701,30.637455,104.085624
